{"cameraMode":{"drawMode":0,"name":"Shaded","section":"Shading Mode"},"sceneLighting":false,"audioPlay":false,"sceneViewState":{"m_AlwaysRefresh":false,"showFog":true,"showSkybox":false,"showFlares":true,"showImageEffects":true,"showParticleSystems":true,"showVisualEffectGraphs":true,"m_FxEnabled":true},"in2DMode":false,"pivot":{"x":10.219687461853028,"y":10.06742000579834,"z":-20.850679397583009},"rotation":{"x":0.1838396191596985,"y":0.48250845074653628,"z":-0.10435710102319718,"w":0.8500027060508728},"size":0.8660253882408142,"orthographic":false}